{"min_train": -0.00055984, "max_train": 0.010535}